ID,Mass,MassUpper,MassLower,Width,WidthUpper,WidthLower,I,G,P,C,Anti,Charge,Rank,Status,Name,Quarks,Latex
1,4.8,1.2,1.2,-1,-1,1,1/2,5,1,5,1,-1,0,0,d,d,d
-1,4.8,1.2,1.2,-1,-1,1,1/2,5,1,5,1,1,0,0,d,D,\bar{d}
2,2.4,0.9,0.9,-1,-1,1,1/2,5,1,5,1,2,0,0,u,u,u
-2,2.4,0.9,0.9,-1,-1,1,1/2,5,1,5,1,-2,0,0,u,U,\bar{u}
3,104,26,34,-1,-1,1,0,5,1,5,1,-1,0,0,s,s,s
-3,104,26,34,-1,-1,1,0,5,1,5,1,1,0,0,s,S,\bar{s}
4,1270,70,110,-1,-1,1,0,5,1,5,1,2,0,0,c,c,c
-4,1270,70,110,-1,-1,1,0,5,1,5,1,-2,0,0,c,C,\bar{c}
5,4680,170,70,-1,-1,1,0,5,1,5,1,-1,0,0,b,b,b
-5,4680,170,70,-1,-1,1,0,5,1,5,1,1,0,0,b,B,\bar{b}
6,171200,2100,2100,-1,-1,1,0,5,1,5,1,2,0,0,t,t,t
-6,171200,2100,2100,-1,-1,1,0,5,1,5,1,-2,0,0,t,T,\bar{t}
11,0.51099891,1.3e-08,1.3e-08,0,0,0,,5,5,5,2,-3,0,0,e,,e^{-}
-11,0.51099891,1.3e-08,1.3e-08,0,0,0,,5,5,5,2,3,0,0,e,,e^{+}
13,105.658367,4e-06,4e-06,3.015937e-16,2.9e-21,2.9e-21,,5,5,5,2,-3,0,0,mu,,\mu^{-}
-13,105.658367,4e-06,4e-06,3.015937e-16,2.9e-21,2.9e-21,,5,5,5,2,3,0,0,mu,,\mu^{+}
15,1776.84,0.17,0.17,2.28e-09,8e-12,8e-12,,5,5,5,2,-3,0,0,tau,,\tau^{-}
-15,1776.84,0.17,0.17,2.28e-09,8e-12,8e-12,,5,5,5,2,3,0,0,tau,,\tau^{+}
22,0,0,0,0,0,0,<2,5,-1,-1,0,0,0,0,gamma,,\gamma
23,91187.6,2.1,2.1,2495.2,2.3,2.3,,5,5,5,0,0,0,0,Z,,Z^{0}
24,80398,25,25,2140,40,40,,5,5,5,2,3,0,0,W,,W^{+}
-24,80398,25,25,2140,40,40,,5,5,5,2,-3,0,0,W,,W^{-}
111,134.9766,0.0006,0.0006,7.9e-06,6e-07,6e-07,1,-1,-1,1,0,0,0,0,pi,(uU-dD)/sqrt(2),\pi^{0}
113,775.49,0.34,0.34,149.4,1,1,1,1,-1,-1,2,0,0,0,rho(770),(uU-dD)/sqrt(2),\rho(770)^{0}
115,1318.3,0.6,0.6,107,5,5,1,-1,1,1,2,0,0,0,a(2)(1320),(uU-dD)/sqrt(2),a_{2}(1320)^{0}
117,1688.8,2.1,2.1,161,10,10,1,1,-1,-1,2,0,0,0,rho(3)(1690),(uU-dD)/sqrt(2),\rho_{3}(1690)^{0}
119,2001,10,10,313,31,31,1,-1,1,1,2,0,0,0,a(4)(2040),(uU-dD)/sqrt(2),a_{4}(2040)^{0}
130,497.614,0.024,0.024,1.295e-14,5e-17,5e-17,1/2,5,-1,5,0,0,0,0,K0L,p(dS)-q(Ds),K_{L}^{0}
211,139.57018,0.00035,0.00035,2.5452e-14,5e-18,5e-18,1,-1,-1,5,2,3,0,0,pi,uD,\pi^{+}
-211,139.57018,0.00035,0.00035,2.5452e-14,5e-18,5e-18,1,-1,-1,5,2,-3,0,0,pi,Ud,\pi^{-}
213,775.49,0.34,0.34,149.4,1,1,1,1,-1,5,2,3,0,0,rho(770),uD,\rho(770)^{+}
-213,775.49,0.34,0.34,149.4,1,1,1,1,-1,5,2,-3,0,0,rho(770),Ud,\rho(770)^{-}
215,1318.3,0.6,0.6,107,5,5,1,-1,1,5,2,3,0,0,a(2)(1320),uD,a_{2}(1320)^{+}
-215,1318.3,0.6,0.6,107,5,5,1,-1,1,5,2,-3,0,0,a(2)(1320),Ud,a_{2}(1320)^{-}
217,1688.8,2.1,2.1,161,10,10,1,1,-1,5,2,3,0,0,rho(3)(1690),uD,\rho_{3}(1690)^{+}
-217,1688.8,2.1,2.1,161,10,10,1,1,-1,5,2,-3,0,0,rho(3)(1690),Ud,\rho_{3}(1690)^{-}
219,2001,10,10,313,31,31,1,-1,1,5,2,3,0,0,a(4)(2040),uD,a_{4}(2040)^{+}
-219,2001,10,10,313,31,31,1,-1,1,5,2,-3,0,0,a(4)(2040),Ud,a_{4}(2040)^{-}
221,547.853,0.024,0.024,0.0013,7e-05,7e-05,0,1,-1,1,0,0,0,0,eta,x(uU+dD)+y(sS),\eta
223,782.65,0.12,0.12,8.49,0.08,0.08,0,-1,-1,-1,0,0,0,0,omega(782),x(uU+dD)+y(sS),\omega(782)
225,1275.1,1.2,1.2,185,2.9,2.4,0,1,1,1,0,0,0,0,f(2)(1270),x(uU+dD)+y(sS),f_{2}(1270)
227,1667,4,4,168,10,10,0,-1,-1,-1,0,0,0,0,omega(3)(1670),x(uU+dD)+y(sS),\omega_{3}(1670)
229,2018,11,11,237,18,18,0,1,1,1,0,0,0,0,f(4)(2050),x(uU+dD)+y(sS),f_{4}(2050)
310,497.614,0.024,0.024,7.397e-12,4e-15,4e-15,1/2,5,-1,5,0,0,0,0,K0S,p(dS)+q(Ds),K_{S}^{0}
311,497.614,0.024,0.024,-1,-1,1,1/2,5,-1,5,1,0,0,0,K,dS,K^{0}
-311,497.614,0.024,0.024,-1,-1,1,1/2,5,-1,5,1,0,0,0,K,Ds,\bar{K}^{0}
313,896,0.25,0.25,50.3,0.6,0.6,1/2,5,-1,5,1,0,0,0,K*(892),dS,K^{*}(892)^{0}
-313,896,0.25,0.25,50.3,0.6,0.6,1/2,5,-1,5,1,0,0,0,K*(892),Ds,\bar{K}^{*}(892)^{0}
315,1432.4,1.3,1.3,109,5,5,1/2,5,1,5,1,0,0,0,K(2)*(1430),dS,K_{2}^{*}(1430)^{0}
-315,1432.4,1.3,1.3,109,5,5,1/2,5,1,5,1,0,0,0,K(2)*(1430),Ds,\bar{K}_{2}^{*}(1430)^{0}
317,1776,7,7,159,21,21,1/2,5,-1,5,1,0,0,0,K(3)*(1780),dS,K_{3}^{*}(1780)^{0}
-317,1776,7,7,159,21,21,1/2,5,-1,5,1,0,0,0,K(3)*(1780),Ds,\bar{K}_{3}^{*}(1780)^{0}
319,2045,9,9,198,30,30,1/2,5,1,5,1,0,0,0,K(4)*(2045),dS,K_{4}^{*}(2045)^{0}
-319,2045,9,9,198,30,30,1/2,5,1,5,1,0,0,0,K(4)*(2045),Ds,\bar{K}_{4}^{*}(2045)^{0}
321,493.677,0.016,0.016,5.352e-14,9e-17,9e-17,1/2,5,-1,5,2,3,0,0,K,uS,K^{+}
-321,493.677,0.016,0.016,5.352e-14,9e-17,9e-17,1/2,5,-1,5,2,-3,0,0,K,Us,K^{-}
323,891.66,0.26,0.26,50.8,0.9,0.9,1/2,5,-1,5,1,3,0,0,K*(892),uS,K^{*}(892)^{+}
-323,891.66,0.26,0.26,50.8,0.9,0.9,1/2,5,-1,5,1,-3,0,0,K*(892),Us,\bar{K}^{*}(892)^{-}
325,1425.6,1.5,1.5,98.5,2.7,2.7,1/2,5,1,5,1,3,0,0,K(2)*(1430),uS,K_{2}^{*}(1430)^{+}
-325,1425.6,1.5,1.5,98.5,2.7,2.7,1/2,5,1,5,1,-3,0,0,K(2)*(1430),Us,\bar{K}_{2}^{*}(1430)^{-}
327,1776,7,7,159,21,21,1/2,5,-1,5,1,3,0,0,K(3)*(1780),uS,K_{3}^{*}(1780)^{+}
-327,1776,7,7,159,21,21,1/2,5,-1,5,1,-3,0,0,K(3)*(1780),Us,\bar{K}_{3}^{*}(1780)^{-}
329,2045,9,9,198,30,30,1/2,5,1,5,1,3,0,0,K(4)*(2045),uS,K_{4}^{*}(2045)^{+}
-329,2045,9,9,198,30,30,1/2,5,1,5,1,-3,0,0,K(4)*(2045),Us,\bar{K}_{4}^{*}(2045)^{-}
331,957.66,0.24,0.24,0.205,0.015,0.015,0,1,-1,1,0,0,0,0,eta'(958),x(uU+dD)+y(sS),\eta^\prime(958)
333,1019.455,0.02,0.02,4.26,0.04,0.04,0,-1,-1,-1,0,0,0,0,phi(1020),x(uU+dD)+y(sS),\phi(1020)
335,1525,5,5,73,6,5,0,1,1,1,0,0,0,0,f(2)'(1525),x(uU+dD)+y(sS),f_{2}^\prime(1525)
337,1854,7,7,87,28,23,0,-1,-1,-1,0,0,0,0,phi(3)(1850),x(uU+dD)+y(sS),\phi_{3}(1850)
411,1869.62,0.2,0.2,6.37e-10,4e-12,4e-12,1/2,5,-1,5,2,3,0,0,D,cD,D^{+}
-411,1869.62,0.2,0.2,6.37e-10,4e-12,4e-12,1/2,5,-1,5,2,-3,0,0,D,Cd,D^{-}
413,2010.27,0.17,0.17,0.096,0.022,0.022,1/2,5,-1,5,2,3,0,0,D*(2010),cD,D^{*}(2010)^{+}
-413,2010.27,0.17,0.17,0.096,0.022,0.022,1/2,5,-1,5,2,-3,0,0,D*(2010),Cd,D^{*}(2010)^{-}
415,2460.1,2.6,3.5,37,6,6,1/2,5,1,5,2,3,0,0,D(2)*(2460),cD,D_{2}^{*}(2460)^{+}
-415,2460.1,2.6,3.5,37,6,6,1/2,5,1,5,2,-3,0,0,D(2)*(2460),Cd,D_{2}^{*}(2460)^{-}
421,1864.84,0.17,0.17,1.616e-09,6e-12,6e-12,1/2,5,-1,5,1,0,0,0,D,cU,D^{0}
-421,1864.84,0.17,0.17,1.616e-09,6e-12,6e-12,1/2,5,-1,5,1,0,0,0,D,Cu,\bar{D}^{0}
423,2006.97,0.19,0.19,2.1,-1,1,1/2,5,-1,5,1,0,0,0,D*(2007),cU,D^{*}(2007)^{0}
-423,2006.97,0.19,0.19,2.1,-1,1,1/2,5,-1,5,1,0,0,0,D*(2007),Cu,\bar{D}^{*}(2007)^{0}
425,2461.1,1.6,1.6,43,4,4,1/2,5,1,5,1,0,0,0,D(2)*(2460),cU,D_{2}^{*}(2460)^{0}
-425,2461.1,1.6,1.6,43,4,4,1/2,5,1,5,1,0,0,0,D(2)*(2460),Cu,\bar{D}_{2}^{*}(2460)^{0}
431,1968.49,0.34,0.34,1.325e-09,1.9e-11,1.9e-11,0,5,-1,5,2,3,0,0,D(s),cS,D_{s}^{+}
-431,1968.49,0.34,0.34,1.325e-09,1.9e-11,1.9e-11,0,5,-1,5,2,-3,0,0,D(s),Cs,D_{s}^{-}
433,2112.3,0.5,0.5,-1,-1,1,0,5,5,5,2,3,0,0,D(s)*,cS,D_{s}^{*+}
-433,2112.3,0.5,0.5,-1,-1,1,0,5,5,5,2,-3,0,0,D(s)*,Cs,D_{s}^{*-}
435,2572.6,0.9,0.9,20,5,5,0,5,5,5,2,3,0,0,D(s2)(2573),cS,D_{s2}^{*+}
-435,2572.6,0.9,0.9,20,5,5,0,5,5,5,2,-3,0,0,D(s2)(2573),Cs,D_{s2}^{*-}
441,2980.3,1.2,1.2,26.7,3,3,0,1,-1,1,0,0,0,0,eta(c)(1S),cC,\eta_{c}(1S)
443,3096.916,0.011,0.011,0.0932,0.0021,0.0021,0,-1,-1,-1,0,0,0,0,J/psi(1S),cC,J/\psi(1S)
445,3556.2,0.09,0.09,2.03,0.12,0.12,0,1,1,1,0,0,0,0,chi(c2)(1P),cC,\chi_{c2}(1P)
511,5279.53,0.33,0.33,4.331e-10,2.5e-12,2.5e-12,1/2,5,-1,5,1,0,0,0,B,dB,B^{0}
-511,5279.53,0.33,0.33,4.331e-10,2.5e-12,2.5e-12,1/2,5,-1,5,1,0,0,0,B,Db,\bar{B}^{0}
513,5325.1,0.5,0.5,-1,-1,1,1/2,5,-1,5,1,0,0,0,B*,dB,B^{*0}
-513,5325.1,0.5,0.5,-1,-1,1,1/2,5,-1,5,1,0,0,0,B*,Db,\bar{B}^{*0}
515,5746.9,2.9,2.9,-1,-1,1,1/2,5,1,5,1,0,3,0,B(2)*(5747),dB,B_{2}^{*}(5747)^{0}
-515,5746.9,2.9,2.9,-1,-1,1,1/2,5,1,5,1,0,3,0,B(2)*(5747),Db,\bar{B}_{2}^{*}(5747)^{0}
521,5279.15,0.31,0.31,4.045e-10,2.7e-12,2.7e-12,1/2,5,-1,5,2,3,0,0,B,uB,B^{+}
-521,5279.15,0.31,0.31,4.045e-10,2.7e-12,2.7e-12,1/2,5,-1,5,2,-3,0,0,B,Ub,B^{-}
523,5325.1,0.5,0.5,-1,-1,1,1/2,5,-1,5,1,3,0,0,B*,uB,B^{*+}
-523,5325.1,0.5,0.5,-1,-1,1,1/2,5,-1,5,1,-3,0,0,B*,Ub,\bar{B}^{*-}
525,5746.9,2.9,2.9,-1,-1,1,1/2,5,1,5,1,3,3,0,B(2)*(5747),uB,B_{2}^{*}(5747)^{+}
-525,5746.9,2.9,2.9,-1,-1,1,1/2,5,1,5,1,-3,3,0,B(2)*(5747),Ub,\bar{B}_{2}^{*}(5747)^{-}
531,5366.3,0.6,0.6,4.65e-10,1.3e-11,1.3e-11,0,5,-1,5,1,0,0,0,B(s),sB,B_{s}^{0}
-531,5366.3,0.6,0.6,4.65e-10,1.3e-11,1.3e-11,0,5,-1,5,1,0,0,0,B(s),Sb,\bar{B}_{s}^{0}
533,5412.8,1.3,1.3,-1,-1,1,0,5,-1,5,1,0,0,0,B(s)*,sB,B_{s}^{*0}
-533,5412.8,1.3,1.3,-1,-1,1,0,5,-1,5,1,0,0,0,B(s)*,Sb,\bar{B}_{s}^{*0}
535,5839.7,0.6,0.6,-1,-1,1,1/2,5,1,5,1,0,3,0,B(s2)*(5840),sB,B_{s2}^{*}(5840)^{0}
-535,5839.7,0.6,0.6,-1,-1,1,1/2,5,1,5,1,0,3,0,B(s2)*(5840),Sb,\bar{B}_{s2}^{*}(5840)^{0}
541,6276,4,4,1.43e-09,2.3e-10,2.1e-10,0,5,-1,5,2,3,0,0,B(c),cB,B_{c}^{+}
-541,6276,4,4,1.43e-09,2.3e-10,2.1e-10,0,5,-1,5,2,-3,0,0,B(c),Cb,B_{c}^{-}
551,9300,28,28,-1,-1,1,0,1,-1,1,0,0,0,2,eta(b)(1S),bB,\eta_{b}(1S)
553,9460.3,0.26,0.26,0.054,0.0012,0.0012,0,-1,-1,-1,0,0,0,0,Upsilon(1S),bB,\Upsilon(1S)
555,9912.2,0.4,0.4,-1,-1,1,0,1,1,1,0,0,0,0,chi(b2)(1P),bB,\chi_{b2}(1P)
1112,1630,30,30,145,5,10,3/2,5,-1,5,1,-3,4,0,Delta(1620)(S31),ddd,\Delta(1620)^{-}
-1112,1630,30,30,145,5,10,3/2,5,-1,5,1,3,4,0,Delta(1620)(S31),DDD,\bar{\Delta}(1620)^{+}
1114,1232,1,1,118,2,2,3/2,5,1,5,1,-3,4,0,Delta(1232)(P33),ddd,\Delta(1232)^{-}
-1114,1232,1,1,118,2,2,3/2,5,1,5,1,3,4,0,Delta(1232)(P33),DDD,\bar{\Delta}(1232)^{+}
1116,1890,25,25,330,70,60,3/2,5,1,5,1,-3,4,1,Delta(1905)(F35),ddd,\Delta(1905)^{-}
-1116,1890,25,25,330,70,60,3/2,5,1,5,1,3,4,1,Delta(1905)(F35),DDD,\bar{\Delta}(1905)^{+}
1118,1930,20,15,280,50,50,3/2,5,1,5,1,-3,4,1,Delta(1950)(F37),ddd,\Delta(1950)^{-}
-1118,1930,20,15,280,50,50,3/2,5,1,5,1,3,4,1,Delta(1950)(F37),DDD,\bar{\Delta}(1950)^{+}
1212,1630,30,30,145,5,10,3/2,5,-1,5,1,0,4,0,Delta(1620)(S31),udd,\Delta(1620)^{0}
-1212,1630,30,30,145,5,10,3/2,5,-1,5,1,0,4,0,Delta(1620)(S31),UDD,\bar{\Delta}(1620)^{0}
1214,1520,5,5,115,10,15,1/2,5,-1,5,1,0,4,0,N(1520)(D13),udd,N(1520)^{0}
-1214,1520,5,5,115,10,15,1/2,5,-1,5,1,0,4,0,N(1520)(D13),UDD,\bar{N}(1520)^{0}
1216,1890,25,25,330,70,60,3/2,5,1,5,1,0,4,1,Delta(1905)(F35),udd,\Delta(1905)^{0}
-1216,1890,25,25,330,70,60,3/2,5,1,5,1,0,4,1,Delta(1905)(F35),UDD,\bar{\Delta}(1905)^{0}
1218,2190,10,90,500,200,200,1/2,5,-1,5,1,0,4,1,N(2190)(G17),udd,N(2190)^{0}
-1218,2190,10,90,500,200,200,1/2,5,-1,5,1,0,4,1,N(2190)(G17),UDD,\bar{N}(2190)^{0}
2112,939.56536,8e-05,8e-05,7.481e-25,7e-28,7e-28,1/2,5,1,5,1,0,4,0,n(P11),udd,n
-2112,939.56536,8e-05,8e-05,7.481e-25,7e-28,7e-28,1/2,5,1,5,1,0,4,0,n(P11),UDD,\bar{n}
2114,1232,1,1,118,2,2,3/2,5,1,5,1,0,4,0,Delta(1232)(P33),udd,\Delta(1232)^{0}
-2114,1232,1,1,118,2,2,3/2,5,1,5,1,0,4,0,Delta(1232)(P33),UDD,\bar{\Delta}(1232)^{0}
2116,1675,5,5,150,15,20,1/2,5,-1,5,1,0,4,1,N(1675)(D15),udd,N(1675)^{0}
-2116,1675,5,5,150,15,20,1/2,5,-1,5,1,0,4,1,N(1675)(D15),UDD,\bar{N}(1675)^{0}
2118,1930,20,15,280,50,50,3/2,5,1,5,1,0,4,1,Delta(1950)(F37),udd,\Delta(1950)^{0}
-2118,1930,20,15,280,50,50,3/2,5,1,5,1,0,4,1,Delta(1950)(F37),UDD,\bar{\Delta}(1950)^{0}
2122,1630,30,30,145,5,10,3/2,5,-1,5,1,3,4,0,Delta(1620)(S31),uud,\Delta(1620)^{+}
-2122,1630,30,30,145,5,10,3/2,5,-1,5,1,-3,4,0,Delta(1620)(S31),UUD,\bar{\Delta}(1620)^{-}
2124,1520,5,5,115,10,15,1/2,5,-1,5,1,3,4,0,N(1520)(D13),uud,N(1520)^{+}
-2124,1520,5,5,115,10,15,1/2,5,-1,5,1,-3,4,0,N(1520)(D13),UUD,\bar{N}(1520)^{-}
2126,1890,25,25,330,70,60,3/2,5,1,5,1,3,4,1,Delta(1905)(F35),uud,\Delta(1905)^{+}
-2126,1890,25,25,330,70,60,3/2,5,1,5,1,-3,4,1,Delta(1905)(F35),UUD,\bar{\Delta}(1905)^{-}
2128,2190,10,90,500,200,200,1/2,5,-1,5,1,3,4,1,N(2190)(G17),uud,N(2190)^{+}
-2128,2190,10,90,500,200,200,1/2,5,-1,5,1,-3,4,1,N(2190)(G17),UUD,\bar{N}(2190)^{-}
2212,938.27203,8e-05,8e-05,0,0,0,1/2,5,1,5,1,3,4,0,p(P11),uud,p
-2212,938.27203,8e-05,8e-05,0,0,0,1/2,5,1,5,1,-3,4,0,p(P11),UUD,\bar{p}
2214,1232,1,1,118,2,2,3/2,5,1,5,1,3,4,0,Delta(1232)(P33),uud,\Delta(1232)^{+}
-2214,1232,1,1,118,2,2,3/2,5,1,5,1,-3,4,0,Delta(1232)(P33),UUD,\bar{\Delta}(1232)^{-}
2216,1675,5,5,150,15,20,1/2,5,-1,5,1,3,4,1,N(1675)(D15),uud,N(1675)^{+}
-2216,1675,5,5,150,15,20,1/2,5,-1,5,1,-3,4,1,N(1675)(D15),UUD,\bar{N}(1675)^{-}
2218,1930,20,15,280,50,50,3/2,5,1,5,1,3,4,1,Delta(1950)(F37),uud,\Delta(1950)^{+}
-2218,1930,20,15,280,50,50,3/2,5,1,5,1,-3,4,1,Delta(1950)(F37),UUD,\bar{\Delta}(1950)^{-}
2222,1630,30,30,145,5,10,3/2,5,-1,5,1,6,4,0,Delta(1620)(S31),uuu,\Delta(1620)^{++}
-2222,1630,30,30,145,5,10,3/2,5,-1,5,1,-6,4,0,Delta(1620)(S31),UUU,\bar{\Delta}(1620)^{--}
2224,1232,1,1,118,2,2,3/2,5,1,5,1,6,4,0,Delta(1232)(P33),uuu,\Delta(1232)^{++}
-2224,1232,1,1,118,2,2,3/2,5,1,5,1,-6,4,0,Delta(1232)(P33),UUU,\bar{\Delta}(1232)^{--}
2226,1890,25,25,330,70,60,3/2,5,1,5,1,6,4,1,Delta(1905)(F35),uuu,\Delta(1905)^{++}
-2226,1890,25,25,330,70,60,3/2,5,1,5,1,-6,4,1,Delta(1905)(F35),UUU,\bar{\Delta}(1905)^{--}
2228,1930,20,15,280,50,50,3/2,5,1,5,1,6,4,1,Delta(1950)(F37),uuu,\Delta(1950)^{++}
-2228,1930,20,15,280,50,50,3/2,5,1,5,1,-6,4,1,Delta(1950)(F37),UUU,\bar{\Delta}(1950)^{--}
3112,1197.449,0.03,0.03,4.48e-12,3.3e-14,3.3e-14,1,5,1,5,1,-3,4,0,Sigma(P11),dds,\Sigma^{-}
-3112,1197.449,0.03,0.03,4.48e-12,3.3e-14,3.3e-14,1,5,1,5,1,3,4,0,Sigma(P11),DDS,\bar{\Sigma}^{+}
3114,1387.2,0.5,0.5,39.4,2.1,2.1,1,5,1,5,1,-3,4,0,Sigma(1385)(P13),dds,\Sigma^{*-}/\Sigma(1385)^{-}
-3114,1387.2,0.5,0.5,39.4,2.1,2.1,1,5,1,5,1,3,4,0,Sigma(1385)(P13),DDS,\bar{\Sigma}^{*+}/\Sigma(1385)^{+}
3116,1775,5,5,120,15,15,1,5,-1,5,1,-3,4,1,Sigma(1775)(D15),dds,\Sigma(1775)^{-}
-3116,1775,5,5,120,15,15,1,5,-1,5,1,3,4,1,Sigma(1775)(D15),DDS,\bar{\Sigma}(1775)^{+}
3118,2030,10,5,180,20,30,1,5,1,5,1,-3,4,1,Sigma(2030)(F17),dds,\Sigma(2030)^{-}
-3118,2030,10,5,180,20,30,1,5,1,5,1,3,4,1,Sigma(2030)(F17),DDS,\bar{\Sigma}(2030)^{+}
3122,1115.683,0.006,0.006,2.518e-12,1.9e-14,1.9e-14,0,5,1,5,1,0,4,0,Lambda(P01),uds,\Lambda
-3122,1115.683,0.006,0.006,2.518e-12,1.9e-14,1.9e-14,0,5,1,5,1,0,4,0,Lambda(P01),UDS,\bar{\Lambda}
3124,1519.5,1,1,15.6,1,1,0,5,-1,5,1,0,4,0,Lambda(1520)(D03),uds,\Lambda(1520)
-3124,1519.5,1,1,15.6,1,1,0,5,-1,5,1,0,4,0,Lambda(1520)(D03),UDS,\bar{\Lambda}(1520)
3126,1820,5,5,80,10,10,0,5,1,5,1,0,4,1,Lambda(1820)(F05),uds,\Lambda(1820)
-3126,1820,5,5,80,10,10,0,5,1,5,1,0,4,1,Lambda(1820)(F05),UDS,\bar{\Lambda}(1820)
3128,2100,10,10,200,50,100,0,5,-1,5,1,0,4,1,Lambda(2100)(G07),uds,\Lambda(2100)
-3128,2100,10,10,200,50,100,0,5,-1,5,1,0,4,1,Lambda(2100)(G07),UDS,\bar{\Lambda}(2100)
3212,1192.642,0.024,0.024,0.009,0.0008,0.0008,1,5,1,5,1,0,4,0,Sigma(P11),uds,\Sigma^{0}
-3212,1192.642,0.024,0.024,0.009,0.0008,0.0008,1,5,1,5,1,0,4,0,Sigma(P11),UDS,\bar{\Sigma}^{0}
3214,1383.7,1,1,36,5,5,1,5,1,5,1,0,4,0,Sigma(1385)(P13),uds,\Sigma^{*0}/\Sigma(1385)^{0}
-3214,1383.7,1,1,36,5,5,1,5,1,5,1,0,4,0,Sigma(1385)(P13),UDS,\bar{\Sigma}^{*0}/\Sigma(1385)^{0}
3216,1775,5,5,120,15,15,1,5,-1,5,1,0,4,1,Sigma(1775)(D15),uds,\Sigma(1775)^{0}
-3216,1775,5,5,120,15,15,1,5,-1,5,1,0,4,1,Sigma(1775)(D15),UDS,\bar{\Sigma}(1775)^{0}
3218,2030,10,5,180,20,30,1,5,1,5,1,0,4,1,Sigma(2030)(F17),uds,\Sigma(2030)^{0}
-3218,2030,10,5,180,20,30,1,5,1,5,1,0,4,1,Sigma(2030)(F17),UDS,\bar{\Sigma}(2030)^{0}
3222,1189.37,0.07,0.07,8.264e-12,2.7e-14,2.7e-14,1,5,1,5,1,3,4,0,Sigma(P11),uus,\Sigma^{+}
-3222,1189.37,0.07,0.07,8.264e-12,2.7e-14,2.7e-14,1,5,1,5,1,-3,4,0,Sigma(P11),UUS,\bar{\Sigma}^{-}
3224,1382.8,0.4,0.4,35.8,0.8,0.8,1,5,1,5,1,3,4,0,Sigma(1385)(P13),uus,\Sigma^{*+}/\Sigma(1385)^{+}
-3224,1382.8,0.4,0.4,35.8,0.8,0.8,1,5,1,5,1,-3,4,0,Sigma(1385)(P13),UUS,\bar{\Sigma}^{*-}/\Sigma(1385)^{-}
3226,1775,5,5,120,15,15,1,5,-1,5,1,3,4,1,Sigma(1775)(D15),uus,\Sigma(1775)^{+}
-3226,1775,5,5,120,15,15,1,5,-1,5,1,-3,4,1,Sigma(1775)(D15),UUS,\bar{\Sigma}(1775)^{-}
3228,2030,10,5,180,20,30,1,5,1,5,1,3,4,1,Sigma(2030)(F17),uus,\Sigma(2030)^{+}
-3228,2030,10,5,180,20,30,1,5,1,5,1,-3,4,1,Sigma(2030)(F17),UUS,\bar{\Sigma}(2030)^{-}
3312,1321.71,0.07,0.07,4.04e-12,4e-14,4e-14,1/2,5,1,5,1,-3,4,0,Xi(P11),dss,\Xi^{-}
-3312,1321.71,0.07,0.07,4.04e-12,4e-14,4e-14,1/2,5,1,5,1,3,4,0,Xi(P11),DSS,\bar{\Xi}^{+}
3314,1535,0.6,0.6,9.9,1.7,1.9,1/2,5,1,5,1,-3,4,0,Xi(1530)(P13),dss,\Xi^{*-}/\Xi(1530)^{-}
-3314,1535,0.6,0.6,9.9,1.7,1.9,1/2,5,1,5,1,3,4,0,Xi(1530)(P13),DSS,\bar{\Xi}^{*+}/\Xi(1530)^{+}
3322,1314.86,0.2,0.2,2.28e-12,8e-14,7e-14,1/2,5,1,5,1,0,4,0,Xi(P11),uss,\Xi^{0}
-3322,1314.86,0.2,0.2,2.28e-12,8e-14,7e-14,1/2,5,1,5,1,0,4,0,Xi(P11),USS,\bar{\Xi}^{0}
3324,1531.8,0.32,0.32,9.1,0.5,0.5,1/2,5,1,5,1,0,4,0,Xi(1530)(P13),uss,\Xi^{*0}/\Xi(1530)^{0}
-3324,1531.8,0.32,0.32,9.1,0.5,0.5,1/2,5,1,5,1,0,4,0,Xi(1530)(P13),USS,\bar{\Xi}^{*0}/\Xi(1530)^{0}
3334,1672.45,0.29,0.29,8.07e-12,1.1e-13,1.1e-13,0,5,1,5,1,-3,4,0,Omega,sss,\Omega^{-}
-3334,1672.45,0.29,0.29,8.07e-12,1.1e-13,1.1e-13,0,5,1,5,1,3,4,0,Omega,SSS,\bar{\Omega}^{+}
4112,2453.76,0.18,0.18,2.2,0.4,0.4,1,5,1,5,1,0,4,0,Sigma(c)(2455),ddc,\Sigma_{c}^{0}
-4112,2453.76,0.18,0.18,2.2,0.4,0.4,1,5,1,5,1,0,4,0,Sigma(c)(2455),DDC,\bar{\Sigma}_{c}^{0}
4114,2518,0.5,0.5,16.1,2.1,2.1,1,5,1,5,1,0,3,0,Sigma(c)(2520),ddc,\Sigma_{c}^{*0}
-4114,2518,0.5,0.5,16.1,2.1,2.1,1,5,1,5,1,0,3,0,Sigma(c)(2520),DDC,\bar{\Sigma}_{c}^{*0}
4122,2286.46,0.14,0.14,3.32e-09,9e-11,9e-11,0,5,1,5,1,3,4,0,Lambda(c),udc,\Lambda_{c}^{+}
-4122,2286.46,0.14,0.14,3.32e-09,9e-11,9e-11,0,5,1,5,1,-3,4,0,Lambda(c),UDC,\bar{\Lambda}_{c}^{-}
4132,2471,0.4,0.4,5.9e-09,7e-10,5e-10,1/2,5,1,5,1,0,3,0,Xi(c),dsc,\Xi_{c}^{0}
-4132,2471,0.4,0.4,5.9e-09,7e-10,5e-10,1/2,5,1,5,1,0,3,0,Xi(c),DSC,\bar{\Xi}_{c}^{0}
4212,2452.9,0.4,0.4,4.6,-1,1,1,5,1,5,1,3,4,0,Sigma(c)(2455),udc,\Sigma_{c}^{+}
-4212,2452.9,0.4,0.4,4.6,-1,1,1,5,1,5,1,-3,4,0,Sigma(c)(2455),UDC,\bar{\Sigma}_{c}^{-}
4214,2517.5,2.3,2.3,17,-1,1,1,5,1,5,1,3,3,0,Sigma(c)(2520),udc,\Sigma_{c}^{*+}
-4214,2517.5,2.3,2.3,17,-1,1,1,5,1,5,1,-3,3,0,Sigma(c)(2520),UDC,\bar{\Sigma}_{c}^{*-}
4222,2454.02,0.18,0.18,2.23,0.3,0.3,1,5,1,5,1,6,4,0,Sigma(c)(2455),uuc,\Sigma_{c}^{++}
-4222,2454.02,0.18,0.18,2.23,0.3,0.3,1,5,1,5,1,-6,4,0,Sigma(c)(2455),UUC,\bar{\Sigma}_{c}^{--}
4224,2518.4,0.6,0.6,14.9,1.9,1.9,1,5,1,5,1,6,3,0,Sigma(c)(2520),uuc,\Sigma_{c}^{*++}
-4224,2518.4,0.6,0.6,14.9,1.9,1.9,1,5,1,5,1,-6,3,0,Sigma(c)(2520),UUC,\bar{\Sigma}_{c}^{*--}
4232,2467.9,0.4,0.4,1.5e-09,9e-11,9e-11,1/2,5,1,5,1,3,3,0,Xi(c),usc,\Xi_{c}^{+}
-4232,2467.9,0.4,0.4,1.5e-09,9e-11,9e-11,1/2,5,1,5,1,-3,3,0,Xi(c),USC,\bar{\Xi}_{c}^{-}
4312,2578,2.9,2.9,-1,-1,1,1/2,5,1,5,1,0,3,0,Xi(c)',dsc,\Xi_{c}^{\prime 0}
-4312,2578,2.9,2.9,-1,-1,1,1/2,5,1,5,1,0,3,0,Xi(c)',DSC,\bar{\Xi}_{c}^{\prime 0}
4314,2646.1,1.2,1.2,5.5,-1,1,1/2,5,1,5,1,0,3,0,Xi(c)(2645),dsc,\Xi_{c}^{*0}
-4314,2646.1,1.2,1.2,5.5,-1,1,1/2,5,1,5,1,0,3,0,Xi(c)(2645),DSC,\bar{\Xi}_{c}^{*0}
4322,2575.7,3.1,3.1,-1,-1,1,1/2,5,1,5,1,3,3,0,Xi(c)',usc,\Xi_{c}^{\prime +}
-4322,2575.7,3.1,3.1,-1,-1,1,1/2,5,1,5,1,-3,3,0,Xi(c)',USC,\bar{\Xi}_{c}^{\prime -}
4324,2646.6,1.4,1.4,3.1,-1,1,1/2,5,1,5,1,3,3,0,Xi(c)(2645),usc,\Xi_{c}^{*+}
-4324,2646.6,1.4,1.4,3.1,-1,1,1/2,5,1,5,1,-3,3,0,Xi(c)(2645),USC,\bar{\Xi}_{c}^{*-}
4332,2697.5,2.6,2.6,9.6e-09,1.7e-09,1.7e-09,0,5,1,5,1,0,3,0,Omega(c),ssc,\Omega_{c}^{0}
-4332,2697.5,2.6,2.6,9.6e-09,1.7e-09,1.7e-09,0,5,1,5,1,0,3,0,Omega(c),SSC,\bar{\Omega}_{c}^{0}
4334,2768.3,3,3,-1,-1,1,0,5,1,5,1,0,3,0,Omega(c)(2770),ssc,\Omega_{c}^{*0}
-4334,2768.3,3,3,-1,-1,1,0,5,1,5,1,0,3,0,Omega(c)(2770),SSC,\bar{\Omega}_{c}^{*0}
4412,3518.9,0.9,0.9,2.0079e-08,-1,1,?,5,5,5,1,3,1,2,Xi(cc),dcc,\Xi_{cc}^{+}
-4412,3518.9,0.9,0.9,2.0079e-08,-1,1,?,5,5,5,1,-3,1,2,Xi(cc),DCC,\bar{\Xi}_{cc}^{-}
4422,3518.9,0.9,0.9,2.0079e-08,-1,1,?,5,5,5,1,6,1,2,Xi(cc),ucc,\Xi_{cc}^{++}
-4422,3518.9,0.9,0.9,2.0079e-08,-1,1,?,5,5,5,1,-6,1,2,Xi(cc),UCC,\bar{\Xi}_{cc}^{--}
5112,5815.2,2,2,-1,-1,1,1,5,1,5,1,-3,3,0,Sigma(b),ddb,\Sigma_{b}^{-}
-5112,5815.2,2,2,-1,-1,1,1,5,1,5,1,3,3,0,Sigma(b),DDB,\bar{\Sigma}_{b}^{+}
5114,5836.4,2.8,2.8,-1,-1,1,1,5,1,5,1,-3,3,0,Sigma(b)*,ddb,\Sigma_{b}^{*-}
-5114,5836.4,2.8,2.8,-1,-1,1,1,5,1,5,1,3,3,0,Sigma(b)*,DDB,\bar{\Sigma}_{b}^{*+}
5122,5620.2,1.6,1.6,4.79e-10,1.7e-11,1.7e-11,0,5,1,5,1,0,3,0,Lambda(b),udb,\Lambda_{b}^{0}
-5122,5620.2,1.6,1.6,4.79e-10,1.7e-11,1.7e-11,0,5,1,5,1,0,3,0,Lambda(b),UDB,\bar{\Lambda}_{b}^{0}
-5132,5792.4,3,3,4.7e-10,9e-11,8e-11,1/2,5,1,5,1,0,3,0,Xi(b),USB,\bar{\Xi}_{b}^{+}
5212,5807.8,2.7,2.7,-1,-1,1,1,5,1,5,1,0,3,0,Sigma(b),udb,\Sigma_{b}^{0}
-5212,5807.8,2.7,2.7,-1,-1,1,1,5,1,5,1,0,3,0,Sigma(b),UDB,\bar{\Sigma}_{b}^{0}
5214,5829,3.4,3.4,-1,-1,1,1,5,1,5,1,0,3,0,Sigma(b)*,udb,\Sigma_{b}^{*0}
-5214,5829,3.4,3.4,-1,-1,1,1,5,1,5,1,0,3,0,Sigma(b)*,UDB,\bar{\Sigma}_{b}^{*0}
5222,5807.8,2.7,2.7,-1,-1,1,1,5,1,5,1,3,3,0,Sigma(b),uub,\Sigma_{b}^{+}
-5222,5807.8,2.7,2.7,-1,-1,1,1,5,1,5,1,-3,3,0,Sigma(b),UUB,\bar{\Sigma}_{b}^{-}
5224,5829,3.4,3.4,-1,-1,1,1,5,1,5,1,3,3,0,Sigma(b)*,uub,\Sigma_{b}^{*+}
-5224,5829,3.4,3.4,-1,-1,1,1,5,1,5,1,-3,3,0,Sigma(b)*,UUB,\bar{\Sigma}_{b}^{*-}
-5232,5792.4,3,3,1.42e-12,2.8e-13,2.4e-13,1/2,5,1,5,1,3,3,0,Xi(b),DSB,\bar{\Xi}_{b}^{0}
10111,1474,19,19,265,13,13,1,-1,1,1,2,0,0,0,a(0)(1450),(uU-dD)/sqrt(2),a_{0}(1450)^{0}
10113,1229.5,3.2,3.2,142,9,9,1,1,1,-1,2,0,0,0,b(1)(1235),(uU-dD)/sqrt(2),b_{1}(1235)^{0}
10115,1672.4,3.2,3.2,259,9,9,1,-1,-1,1,2,0,0,0,pi(2)(1670),(uU-dD)/sqrt(2),\pi_{2}(1670)^{0}
10211,1474,19,19,265,13,13,1,-1,1,5,2,3,0,0,a(0)(1450),uD,a_{0}(1450)^{+}
-10211,1474,19,19,265,13,13,1,-1,1,5,2,-3,0,0,a(0)(1450),Ud,a_{0}(1450)^{-}
10213,1229.5,3.2,3.2,142,9,9,1,1,1,5,2,3,0,0,b(1)(1235),uD,b_{1}(1235)^{+}
-10213,1229.5,3.2,3.2,142,9,9,1,1,1,5,2,-3,0,0,b(1)(1235),Ud,b_{1}(1235)^{-}
10215,1672.4,3.2,3.2,259,9,9,1,-1,-1,5,2,3,0,0,pi(2)(1670),uD,\pi_{2}(1670)^{+}
-10215,1672.4,3.2,3.2,259,9,9,1,-1,-1,5,2,-3,0,0,pi(2)(1670),Ud,\pi_{2}(1670)^{-}
10223,1170,20,20,360,40,40,0,-1,1,-1,0,0,0,0,h(1)(1170),x(uU+dD)+y(sS),h_{1}(1170)
10225,1617,5,5,181,11,11,0,1,-1,1,0,0,0,0,eta(2)(1645),x(uU+dD)+y(sS),\eta_{2}(1645)
10311,1420,50,50,270,80,80,1/2,5,1,5,1,0,0,0,K(0)*(1430),dS,K_{0}^{*}(1430)^{0}
-10311,1420,50,50,270,80,80,1/2,5,1,5,1,0,0,0,K(0)*(1430),Ds,\bar{K}_{0}^{*}(1430)^{0}
10313,1272,7,7,90,20,20,1/2,5,1,5,1,0,0,0,K(1)(1270),dS,K_{1}(1270)^{0}
-10313,1272,7,7,90,20,20,1/2,5,1,5,1,0,0,0,K(1)(1270),Ds,\bar{K}_{1}(1270)^{0}
10315,1773,8,8,186,14,14,1/2,5,-1,5,1,0,0,0,K(2)(1770),dS,K_{2}(1770)^{0}
-10315,1773,8,8,186,14,14,1/2,5,-1,5,1,0,0,0,K(2)(1770),Ds,\bar{K}_{2}(1770)^{0}
10321,1420,50,50,270,80,80,1/2,5,1,5,1,3,0,0,K(0)*(1430),uS,K_{0}^{*}(1430)^{+}
-10321,1420,50,50,270,80,80,1/2,5,1,5,1,-3,0,0,K(0)*(1430),Us,\bar{K}_{0}^{*}(1430)^{-}
10323,1272,7,7,90,20,20,1/2,5,1,5,1,3,0,0,K(1)(1270),uS,K_{1}(1270)^{+}
-10323,1272,7,7,90,20,20,1/2,5,1,5,1,-3,0,0,K(1)(1270),Us,\bar{K}_{1}(1270)^{-}
10325,1773,8,8,186,14,14,1/2,5,-1,5,1,3,0,0,K(2)(1770),uS,K_{2}(1770)^{+}
-10325,1773,8,8,186,14,14,1/2,5,-1,5,1,-3,0,0,K(2)(1770),Us,\bar{K}_{2}(1770)^{-}
10331,1724,7,7,137,8,8,0,1,1,1,0,0,0,0,f(0)(1710),x(uU+dD)+y(sS),f_{0}(1710)
10333,1386,19,19,91,30,30,?,-1,1,-1,0,0,0,2,h(1)(1380),x(uU+dD)+y(sS),h_{1}(1380)/h_{1}^\prime
10335,1842,8,8,225,14,14,0,1,-1,1,0,0,0,2,eta(2)(1870),x(uU+dD)+y(sS),\eta_{2}(1870)
10411,2400,40,40,280,40,40,1/2,5,1,5,1,3,0,2,D(0)*(2400),cD,D_{0}^{*}(2400)^{+}
-10411,2400,40,40,280,40,40,1/2,5,1,5,1,-3,0,2,D(0)*(2400),Cd,\bar{D}_{0}^{*}(2400)^{-}
10413,2423.4,3.1,3.1,25,6,6,1/2,5,5,5,2,3,0,2,D(1)(2420),cD,D_{1}(2420)/D_{1}^{+}(L)^{+}
-10413,2423.4,3.1,3.1,25,6,6,1/2,5,5,5,2,-3,0,2,D(1)(2420),Cd,D_{1}(2420)/D_{1}^{-}(L)^{-}
10421,2350,50,50,260,50,50,1/2,5,1,5,1,0,0,2,D(0)*(2400),cU,D_{0}^{*}(2400)^{0}
-10421,2350,50,50,260,50,50,1/2,5,1,5,1,0,0,2,D(0)*(2400),Cu,\bar{D}_{0}^{*}(2400)^{0}
10423,2422.3,1.3,1.3,20.4,1.7,1.7,1/2,5,1,5,1,0,0,0,D(1)(2420),cU,D_{1}(2420)/D_{1}^{0}(L)^{0}
-10423,2422.3,1.3,1.3,20.4,1.7,1.7,1/2,5,1,5,1,0,0,0,D(1)(2420),Cu,\bar{D}_{1}(2420)/D_{1}^{0}(L)^{0}
10431,2317.8,0.6,0.6,10,-1,1,0,5,1,5,2,3,0,0,D(s0)*(2317),cS,D_{s0}^{*+}
-10431,2317.8,0.6,0.6,10,-1,1,0,5,1,5,2,-3,0,0,D(s0)*(2317),Cs,D_{s0}^{*-}
10433,2535.4,0.6,0.6,2.5,-1,1,0,5,1,5,2,3,0,0,D(s1)(2536),cS,D_{s1}(2536)/D_{s1}^{+}(L)^{+}
-10433,2535.4,0.6,0.6,2.5,-1,1,0,5,1,5,2,-3,0,0,D(s1)(2536),Cs,D_{s1}(2536)/D_{s1}^{-}(L)^{-}
10441,3414.75,0.31,0.31,10.2,0.7,0.7,0,1,1,1,0,0,0,0,chi(c0)(1P),cC,\chi_{c0}(1P)
10443,3525.93,0.27,0.27,1.1,-1,1,?,5,1,-1,0,0,0,0,h(c)(1P),cC,h_{c}(1P)
10551,9859.4,0.5,0.5,-1,-1,1,0,1,1,1,0,0,0,0,chi(b0)(1P),bB,\chi_{b0}(1P)
11114,1700,50,30,300,100,100,3/2,5,-1,5,1,-3,4,1,Delta(1700)(D33),ddd,\Delta(1700)^{-}
-11114,1700,50,30,300,100,100,3/2,5,-1,5,1,3,4,1,Delta(1700)(D33),DDD,\bar{\Delta}(1700)^{+}
11116,1960,60,60,360,140,140,3/2,5,-1,5,1,-3,3,1,Delta(1930)(D35),ddd,\Delta(1930)^{-}
-11116,1960,60,60,360,140,140,3/2,5,-1,5,1,3,3,1,Delta(1930)(D35),DDD,\bar{\Delta}(1930)^{+}
11216,1960,60,60,360,140,140,3/2,5,-1,5,1,0,3,1,Delta(1930)(D35),udd,\Delta(1930)^{0}
-11216,1960,60,60,360,140,140,3/2,5,-1,5,1,0,3,1,Delta(1930)(D35),UDD,\bar{\Delta}(1930)^{0}
12112,1440,30,20,300,150,100,1/2,5,1,5,1,0,4,0,N(1440)(P11),udd,N(1440)^{0}
-12112,1440,30,20,300,150,100,1/2,5,1,5,1,0,4,0,N(1440)(P11),UDD,\bar{N}(1440)^{0}
12114,1700,50,30,300,100,100,3/2,5,-1,5,1,0,4,1,Delta(1700)(D33),udd,\Delta(1700)^{0}
-12114,1700,50,30,300,100,100,3/2,5,-1,5,1,0,4,1,Delta(1700)(D33),UDD,\bar{\Delta}(1700)^{0}
12116,1685,5,5,130,10,10,1/2,5,1,5,1,0,4,1,N(1680)(F15),udd,N(1680)^{0}
-12116,1685,5,5,130,10,10,1/2,5,1,5,1,0,4,1,N(1680)(F15),UDD,\bar{N}(1680)^{0}
12126,1960,60,60,360,140,140,3/2,5,-1,5,1,3,3,1,Delta(1930)(D35),uud,\Delta(1930)^{+}
-12126,1960,60,60,360,140,140,3/2,5,-1,5,1,-3,3,1,Delta(1930)(D35),UUD,\bar{\Delta}(1930)^{-}
12212,1440,30,20,300,150,100,1/2,5,1,5,1,3,4,0,N(1440)(P11),uud,N(1440)^{+}
-12212,1440,30,20,300,150,100,1/2,5,1,5,1,-3,4,0,N(1440)(P11),UUD,\bar{N}(1440)^{-}
12214,1700,50,30,300,100,100,3/2,5,-1,5,1,3,4,1,Delta(1700)(D33),uud,\Delta(1700)^{+}
-12214,1700,50,30,300,100,100,3/2,5,-1,5,1,-3,4,1,Delta(1700)(D33),UUD,\bar{\Delta}(1700)^{-}
12216,1685,5,5,130,10,10,1/2,5,1,5,1,3,4,1,N(1680)(F15),uud,N(1680)^{+}
-12216,1685,5,5,130,10,10,1/2,5,1,5,1,-3,4,1,N(1680)(F15),UUD,\bar{N}(1680)^{-}
12224,1700,50,30,300,100,100,3/2,5,-1,5,1,6,4,1,Delta(1700)(D33),uuu,\Delta(1700)^{++}
-12224,1700,50,30,300,100,100,3/2,5,-1,5,1,-6,4,1,Delta(1700)(D33),UUU,\bar{\Delta}(1700)^{--}
12226,1960,60,60,360,140,140,3/2,5,-1,5,1,6,3,1,Delta(1930)(D35),uuu,\Delta(1930)^{++}
-12226,1960,60,60,360,140,140,3/2,5,-1,5,1,-6,3,1,Delta(1930)(D35),UUU,\bar{\Delta}(1930)^{--}
13112,1660,30,30,100,100,60,1,5,1,5,1,-3,3,0,Sigma(1660)(P11),dds,\Sigma(1660)^{-}
-13112,1660,30,30,100,100,60,1,5,1,5,1,3,3,0,Sigma(1660)(P11),DDS,\bar{\Sigma}(1660)^{+}
13114,1670,15,5,60,20,20,1,5,-1,5,1,-3,4,1,Sigma(1670)(D13),dds,\Sigma(1670)^{-}
-13114,1670,15,5,60,20,20,1,5,-1,5,1,3,4,1,Sigma(1670)(D13),DDS,\bar{\Sigma}(1670)^{+}
13116,1915,20,15,120,40,40,1,5,1,5,1,-3,4,1,Sigma(1915)(F15),dds,\Sigma(1915)^{-}
-13116,1915,20,15,120,40,40,1,5,1,5,1,3,4,1,Sigma(1915)(F15),DDS,\bar{\Sigma}(1915)^{+}
13122,1406,4,4,50,2,2,0,5,-1,5,1,0,4,0,Lambda(1405)(S01),uds,\Lambda(1404)
-13122,1406,4,4,50,2,2,0,5,-1,5,1,0,4,0,Lambda(1405)(S01),UDS,\bar{\Lambda}(1404)
13124,1690,5,5,60,10,10,0,5,-1,5,1,0,4,1,Lambda(1690)(D03),uds,\Lambda(1690)
-13124,1690,5,5,60,10,10,0,5,-1,5,1,0,4,1,Lambda(1690)(D03),UDS,\bar{\Lambda}(1690)
13126,1830,0,20,95,15,35,0,5,-1,5,1,0,4,1,Lambda(1830)(D05),uds,\Lambda(1830)
-13126,1830,0,20,95,15,35,0,5,-1,5,1,0,4,1,Lambda(1830)(D05),UDS,\bar{\Lambda}(1830)
13212,1660,30,30,100,100,60,1,5,1,5,1,0,3,0,Sigma(1660)(P11),uds,\Sigma(1660)^{0}
-13212,1660,30,30,100,100,60,1,5,1,5,1,0,3,0,Sigma(1660)(P11),UDS,\bar{\Sigma}(1660)^{0}
13214,1670,15,5,60,20,20,1,5,-1,5,1,0,4,1,Sigma(1670)(D13),uds,\Sigma(1670)^{0}
-13214,1670,15,5,60,20,20,1,5,-1,5,1,0,4,1,Sigma(1670)(D13),UDS,\bar{\Sigma}(1670)^{0}
13216,1915,20,15,120,40,40,1,5,1,5,1,0,4,1,Sigma(1915)(F15),uds,\Sigma(1915)^{0}
-13216,1915,20,15,120,40,40,1,5,1,5,1,0,4,1,Sigma(1915)(F15),UDS,\bar{\Sigma}(1915)^{0}
13222,1660,30,30,100,100,60,1,5,1,5,1,3,3,0,Sigma(1660)(P11),uus,\Sigma(1660)^{+}
-13222,1660,30,30,100,100,60,1,5,1,5,1,-3,3,0,Sigma(1660)(P11),UUS,\bar{\Sigma}(1660)^{-}
13224,1670,15,5,60,20,20,1,5,-1,5,1,3,4,1,Sigma(1670)(D13),uus,\Sigma(1670)^{+}
-13224,1670,15,5,60,20,20,1,5,-1,5,1,-3,4,1,Sigma(1670)(D13),UUS,\bar{\Sigma}(1670)^{-}
13226,1915,20,15,120,40,40,1,5,1,5,1,3,4,1,Sigma(1915)(F15),uus,\Sigma(1915)^{+}
-13226,1915,20,15,120,40,40,1,5,1,5,1,-3,4,1,Sigma(1915)(F15),UUS,\bar{\Sigma}(1915)^{-}
13314,1823,5,5,24,15,10,1/2,5,-1,5,1,-3,3,1,Xi(1820)(D13),dss,\Xi(1820)^{-}
-13314,1823,5,5,24,15,10,1/2,5,-1,5,1,3,3,1,Xi(1820)(D13),DSS,\bar{\Xi}(1820)^{+}
13324,1823,5,5,24,15,10,1/2,5,-1,5,1,0,3,1,Xi(1820)(D13),uss,\Xi(1820)^{0}
-13324,1823,5,5,24,15,10,1/2,5,-1,5,1,0,3,1,Xi(1820)(D13),USS,\bar{\Xi}(1820)^{0}
14122,2595.4,0.6,0.6,3.6,2,1.3,0,5,-1,5,1,3,3,0,Lambda(c)(2595),udc,\Lambda_{c}(2593)^{+}
-14122,2595.4,0.6,0.6,3.6,2,1.3,0,5,-1,5,1,-3,3,0,Lambda(c)(2595),UDC,\bar{\Lambda}_{c}(2593)^{-}
20113,1230,40,40,420,180,180,1,-1,1,1,2,0,0,0,a(1)(1260),(uU-dD)/sqrt(2),a_{1}(1260)^{0}
20213,1230,40,40,420,180,180,1,-1,1,5,2,3,0,0,a(1)(1260),uD,a_{1}(1260)^{+}
-20213,1230,40,40,420,180,180,1,-1,1,5,2,-3,0,0,a(1)(1260),Ud,a_{1}(1260)^{-}
20223,1281.8,0.6,0.6,24.3,1.1,1.1,0,1,1,1,0,0,0,0,f(1)(1285),x(uU+dD)+y(sS),f_{1}(1285)
20313,1403,7,7,174,13,13,1/2,5,1,5,1,0,0,0,K(1)(1400),dS,K_{1}(1400)^{0}
-20313,1403,7,7,174,13,13,1/2,5,1,5,1,0,0,0,K(1)(1400),Ds,\bar{K}_{1}(1400)^{0}
20315,1816,13,13,276,35,35,1/2,5,-1,5,1,0,0,0,K(2)(1820),dS,K_{2}(1820)^{0}
-20315,1816,13,13,276,35,35,1/2,5,-1,5,1,0,0,0,K(2)(1820),Ds,\bar{K}_{2}(1820)^{0}
20323,1403,7,7,174,13,13,1/2,5,1,5,1,3,0,0,K(1)(1400),uS,K_{1}(1400)^{+}
-20323,1403,7,7,174,13,13,1/2,5,1,5,1,-3,0,0,K(1)(1400),Us,\bar{K}_{1}(1400)^{-}
20325,1816,13,13,276,35,35,1/2,5,-1,5,1,3,0,0,K(2)(1820),uS,K_{2}(1820)^{+}
-20325,1816,13,13,276,35,35,1/2,5,-1,5,1,-3,0,0,K(2)(1820),Us,\bar{K}_{2}(1820)^{-}
20333,1426.4,0.9,0.9,54.9,2.6,2.6,0,1,1,1,0,0,0,0,f(1)(1420),x(uU+dD)+y(sS),f_{1}(1420)/f_{1}^\prime
20423,2430,40,40,380,130,110,1/2,5,1,5,1,0,0,2,D(1)(2430),cU,D_{1}(2430)^{0}
-20423,2430,40,40,380,130,110,1/2,5,1,5,1,0,0,2,D(1)(2430),Cu,\bar{D}_{1}(2430)^{0}
20433,2459.6,0.6,0.6,6.3,-1,1,0,5,1,5,2,3,0,0,D(s1)(2460),cS,D_{s1}(H)/D_{s1}^{*+}^{+}
-20433,2459.6,0.6,0.6,6.3,-1,1,0,5,1,5,2,-3,0,0,D(s1)(2460),Cs,D_{s1}(H)/D_{s1}^{*-}^{-}
20443,3510.66,0.07,0.07,0.89,0.05,0.05,0,1,1,1,0,0,0,0,chi(c1)(1P),cC,\chi_{c1}(1P)
20553,9892.8,0.4,0.4,-1,-1,1,0,1,1,1,0,0,0,0,chi(b1)(1P),bB,\chi_{b1}(1P)
21112,1910,10,40,250,20,60,3/2,5,1,5,1,-3,4,1,Delta(1910)(P31),ddd,\Delta(1910)^{-}
-21112,1910,10,40,250,20,60,3/2,5,1,5,1,3,4,1,Delta(1910)(P31),DDD,\bar{\Delta}(1910)^{+}
21114,1920,50,20,200,100,50,3/2,5,1,5,1,-3,3,1,Delta(1920)(P33),ddd,\Delta(1920)^{-}
-21114,1920,50,20,200,100,50,3/2,5,1,5,1,3,3,1,Delta(1920)(P33),DDD,\bar{\Delta}(1920)^{+}
21212,1910,10,40,250,20,60,3/2,5,1,5,1,0,4,1,Delta(1910)(P31),udd,\Delta(1910)^{0}
-21212,1910,10,40,250,20,60,3/2,5,1,5,1,0,4,1,Delta(1910)(P31),UDD,\bar{\Delta}(1910)^{0}
21214,1700,50,50,100,50,50,1/2,5,-1,5,1,0,3,1,N(1700)(D13),udd,N(1700)^{0}
-21214,1700,50,50,100,50,50,1/2,5,-1,5,1,0,3,1,N(1700)(D13),UDD,\bar{N}(1700)^{0}
22112,1535,10,10,150,25,25,1/2,5,-1,5,1,0,4,0,N(1535)(S11),udd,\Delta(1910)^{0}
-22112,1535,10,10,150,25,25,1/2,5,-1,5,1,0,4,0,N(1535)(S11),UDD,\bar{\Delta}(1910)^{0}
22114,1920,50,20,200,100,50,3/2,5,1,5,1,0,3,1,Delta(1920)(P33),udd,\Delta(1920)^{0}
-22114,1920,50,20,200,100,50,3/2,5,1,5,1,0,3,1,Delta(1920)(P33),UDD,\bar{\Delta}(1920)^{0}
22122,1910,10,40,250,20,60,3/2,5,1,5,1,3,4,1,Delta(1910)(P31),uud,\Delta(1910)^{+}
-22122,1910,10,40,250,20,60,3/2,5,1,5,1,-3,4,1,Delta(1910)(P31),UUD,\bar{\Delta}(1910)^{-}
22124,1700,50,50,100,50,50,1/2,5,-1,5,1,3,3,1,N(1700)(D13),uud,N(1700)^{+}
-22124,1700,50,50,100,50,50,1/2,5,-1,5,1,-3,3,1,N(1700)(D13),UUD,\bar{N}(1700)^{-}
22212,1535,10,10,150,25,25,1/2,5,-1,5,1,3,4,0,N(1535)(S11),uud,N(1535)^{+}
-22212,1535,10,10,150,25,25,1/2,5,-1,5,1,-3,4,0,N(1535)(S11),UUD,\bar{N}(1535)^{-}
22214,1920,50,20,200,100,50,3/2,5,1,5,1,3,3,1,Delta(1920)(P33),uud,\Delta(1920)^{+}
-22214,1920,50,20,200,100,50,3/2,5,1,5,1,-3,3,1,Delta(1920)(P33),UUD,\bar{\Delta}(1920)^{-}
22222,1910,10,40,250,20,60,3/2,5,1,5,1,6,4,1,Delta(1910)(P31),uuu,\Delta(1910)^{++}
-22222,1910,10,40,250,20,60,3/2,5,1,5,1,-6,4,1,Delta(1910)(P31),UUU,\bar{\Delta}(1910)^{--}
22224,1920,50,20,200,100,50,3/2,5,1,5,1,6,3,1,Delta(1920)(P33),uuu,\Delta(1920)^{++}
-22224,1920,50,20,200,100,50,3/2,5,1,5,1,-6,3,1,Delta(1920)(P33),UUU,\bar{\Delta}(1920)^{--}
23112,1750,50,20,90,70,30,1,5,-1,5,1,-3,3,1,Sigma(1750)(S11),dds,\Sigma(1750)^{-}
-23112,1750,50,20,90,70,30,1,5,-1,5,1,3,3,1,Sigma(1750)(S11),DDS,\bar{\Sigma}(1750)^{+}
23114,1940,10,40,220,80,70,1,5,-1,5,1,-3,3,1,Sigma(1940)(D13),dds,\Sigma(1940)^{-}
-23114,1940,10,40,220,80,70,1,5,-1,5,1,3,3,1,Sigma(1940)(D13),DDS,\bar{\Sigma}(1940)^{+}
23122,1600,100,40,150,100,100,0,5,1,5,1,0,3,1,Lambda(1600)(P01),uds,\Lambda(1600)
-23122,1600,100,40,150,100,100,0,5,1,5,1,0,3,1,Lambda(1600)(P01),UDS,\bar{\Lambda}(1600)
23124,1890,20,40,100,100,40,0,5,1,5,1,0,4,1,Lambda(1890)(P03),uds,\Lambda(1890)
-23124,1890,20,40,100,100,40,0,5,1,5,1,0,4,1,Lambda(1890)(P03),UDS,\bar{\Lambda}(1890)
23126,2110,30,20,200,50,50,0,5,1,5,1,0,3,1,Lambda(2110)(F05),uds,\Lambda(2110)
-23126,2110,30,20,200,50,50,0,5,1,5,1,0,3,1,Lambda(2110)(F05),UDS,\bar{\Lambda}(2110)
23212,1750,50,20,90,70,30,1,5,-1,5,1,0,3,1,Sigma(1750)(S11),uds,\Sigma(1750)^{0}
-23212,1750,50,20,90,70,30,1,5,-1,5,1,0,3,1,Sigma(1750)(S11),UDS,\bar{\Sigma}(1750)^{0}
23214,1940,10,40,220,80,70,1,5,-1,5,1,0,3,1,Sigma(1940)(D13),uds,\Sigma(1940)^{0}
-23214,1940,10,40,220,80,70,1,5,-1,5,1,0,3,1,Sigma(1940)(D13),UDS,\bar{\Sigma}(1940)^{0}
23222,1750,50,20,90,70,30,1,5,-1,5,1,3,3,1,Sigma(1750)(S11),uus,\Sigma(1750)^{+}
-23222,1750,50,20,90,70,30,1,5,-1,5,1,-3,3,1,Sigma(1750)(S11),UUS,\bar{\Sigma}(1750)^{-}
23224,1940,10,40,220,80,70,1,5,-1,5,1,3,3,1,Sigma(1940)(D13),uus,\Sigma(1940)^{+}
-23224,1940,10,40,220,80,70,1,5,-1,5,1,-3,3,1,Sigma(1940)(D13),UUS,\bar{\Sigma}(1940)^{-}
30113,1720,20,20,250,100,100,1,1,-1,-1,2,0,0,0,rho(1700),(uU-dD)/sqrt(2),\rho(1700)^{0}
30213,1720,20,20,250,100,100,1,1,-1,5,2,3,0,0,rho(1700),uD,\rho(1700)^{+}
-30213,1720,20,20,250,100,100,1,1,-1,5,2,-3,0,0,rho(1700),Ud,\rho(1700)^{-}
30223,1670,30,30,315,35,35,0,-1,-1,-1,0,0,0,0,omega(1650),x(uU+dD)+y(sS),\omega(1650)
30313,1717,27,27,320,110,110,1/2,5,-1,5,1,0,0,0,K*(1680),dS,K^{*}(1680)^{0}
-30313,1717,27,27,320,110,110,1/2,5,-1,5,1,0,0,0,K*(1680),Ds,\bar{K}^{*}(1680)^{0}
30323,1717,27,27,320,110,110,1/2,5,-1,5,1,3,0,0,K*(1680),uS,K^{*}(1680)^{+}
-30323,1717,27,27,320,110,110,1/2,5,-1,5,1,-3,0,0,K*(1680),Us,\bar{K}^{*}(1680)^{-}
30443,3772.92,0.35,0.35,27.3,1,1,0,-1,-1,-1,0,0,0,0,psi(3770),cC,\psi(3770)
31114,1600,100,50,350,100,100,3/2,5,1,5,1,-3,3,0,Delta(1600)(P33),ddd,\Delta(1600)^{-}
-31114,1600,100,50,350,100,100,3/2,5,1,5,1,3,3,0,Delta(1600)(P33),DDD,\bar{\Delta}(1600)^{+}
31214,1720,30,20,200,100,50,1/2,5,1,5,1,0,4,1,N(1720)(P13),udd,N(1720)^{0}
-31214,1720,30,20,200,100,50,1/2,5,1,5,1,0,4,1,N(1720)(P13),UDD,\bar{N}(1720)^{0}
32112,1655,15,10,165,20,20,1/2,5,-1,5,1,0,4,1,N(1650)(S11),udd,N(1650)^{0}
-32112,1655,15,10,165,20,20,1/2,5,-1,5,1,0,4,1,N(1650)(S11),UDD,\bar{N}(1650)^{0}
32114,1600,100,50,350,100,100,3/2,5,1,5,1,0,3,0,Delta(1600)(P33),udd,\Delta(1600)^{0}
-32114,1600,100,50,350,100,100,3/2,5,1,5,1,0,3,0,Delta(1600)(P33),UDD,\bar{\Delta}(1600)^{0}
32124,1720,30,20,200,100,50,1/2,5,1,5,1,3,4,1,N(1720)(P13),uud,N(1720)^{+}
-32124,1720,30,20,200,100,50,1/2,5,1,5,1,-3,4,1,N(1720)(P13),UUD,\bar{N}(1720)^{-}
32212,1655,15,10,165,20,20,1/2,5,-1,5,1,3,4,1,N(1650)(S11),uud,N(1650)^{+}
-32212,1655,15,10,165,20,20,1/2,5,-1,5,1,-3,4,1,N(1650)(S11),UUD,\bar{N}(1650)^{-}
32214,1600,100,50,350,100,100,3/2,5,1,5,1,3,3,0,Delta(1600)(P33),uud,\Delta(1600)^{+}
-32214,1600,100,50,350,100,100,3/2,5,1,5,1,-3,3,0,Delta(1600)(P33),UUD,\bar{\Delta}(1600)^{-}
32224,1600,100,50,350,100,100,3/2,5,1,5,1,6,3,0,Delta(1600)(P33),uuu,\Delta(1600)^{++}
-32224,1600,100,50,350,100,100,3/2,5,1,5,1,-6,3,0,Delta(1600)(P33),UUU,\bar{\Delta}(1600)^{--}
33122,1670,10,10,35,15,10,0,5,-1,5,1,0,4,1,Lambda(1670)(S01),uds,\Lambda(1670)
-33122,1670,10,10,35,15,10,0,5,-1,5,1,0,4,1,Lambda(1670)(S01),UDS,\bar{\Lambda}(1670)
42112,1710,30,30,100,150,50,1/2,5,1,5,1,0,3,1,N(1710)(P11),udd,N(1710)^{0}
-42112,1710,30,30,100,150,50,1/2,5,1,5,1,0,3,1,N(1710)(P11),UDD,\bar{N}(1710)^{0}
42212,1710,30,30,100,150,50,1/2,5,1,5,1,3,3,1,N(1710)(P11),uud,N(1710)^{+}
-42212,1710,30,30,100,150,50,1/2,5,1,5,1,-3,3,1,N(1710)(P11),UUD,\bar{N}(1710)^{-}
43122,1800,50,80,300,100,100,0,5,-1,5,1,0,3,1,Lambda(1800)(S01),uds,\Lambda(1800)
-43122,1800,50,80,300,100,100,0,5,-1,5,1,0,3,1,Lambda(1800)(S01),UDS,\bar{\Lambda}(1800)
53122,1810,40,60,150,100,100,0,5,1,5,1,0,3,1,Lambda(1810)(P01),uds,\Lambda(1810)
-53122,1810,40,60,150,100,100,0,5,1,5,1,0,3,1,Lambda(1810)(P01),UDS,\bar{\Lambda}(1810)
100111,1300,100,100,400,200,200,1,-1,-1,1,2,0,0,0,pi(1300),(uU-dD)/sqrt(2),\pi(1300)^{0}
100113,1465,25,25,400,60,60,1,1,-1,-1,2,0,0,0,rho(1450),(uU-dD)/sqrt(2),\rho(1450)^{0}
100115,1732,16,16,190,40,40,1,-1,1,1,2,0,0,2,a(2)(1700),(uU-dD)/sqrt(2),a_{2}(1700)^{0}
100211,1300,100,100,400,200,200,1,-1,-1,5,2,3,0,0,pi(1300),uD,\pi(1300)^{+}
-100211,1300,100,100,400,200,200,1,-1,-1,5,2,-3,0,0,pi(1300),Ud,\pi(1300)^{-}
100213,1465,25,25,400,60,60,1,1,-1,5,2,3,0,0,rho(1450),uD,\rho(1450)^{+}
-100213,1465,25,25,400,60,60,1,1,-1,5,2,-3,0,0,rho(1450),Ud,\rho(1450)^{-}
100215,1732,16,16,190,40,40,1,-1,1,5,2,3,0,2,a(2)(1700),uD,a_{2}(1700)^{+}
-100215,1732,16,16,190,40,40,1,-1,1,5,2,-3,0,2,a(2)(1700),Ud,a_{2}(1700)^{-}
100221,1294,4,4,55,5,5,0,1,-1,1,0,0,0,0,eta(1295),x(uU+dD)+y(sS),\eta(1295)
100311,1460,-1,1,260,-1,1,1/2,5,-1,5,1,0,0,2,K(1460),dS,K(1460)^{0}
-100311,1460,-1,1,260,-1,1,1/2,5,-1,5,1,0,0,2,K(1460),Ds,\bar{K}(1460)^{0}
100313,1414,15,15,232,21,21,1/2,5,-1,5,1,0,0,0,K*(1410),dS,K^{*}(1410)^{0}
-100313,1414,15,15,232,21,21,1/2,5,-1,5,1,0,0,0,K*(1410),Ds,\bar{K}^{*}(1410)^{0}
100315,1973,26,26,370,70,70,1/2,5,1,5,1,0,0,2,K(2)*(1980),dS,K_{2}^{*}(1980)^{0}
-100315,1973,26,26,370,70,70,1/2,5,1,5,1,0,0,2,K(2)*(1980),Ds,\bar{K}_{2}^{*}(1980)^{0}
100321,1460,-1,1,260,-1,1,1/2,5,-1,5,1,3,0,2,K(1460),uS,K(1460)^{+}
-100321,1460,-1,1,260,-1,1,1/2,5,-1,5,1,-3,0,2,K(1460),Us,\bar{K}(1460)^{-}
100323,1414,15,15,232,21,21,1/2,5,-1,5,1,3,0,0,K*(1410),uS,K^{*}(1410)^{+}
-100323,1414,15,15,232,21,21,1/2,5,-1,5,1,-3,0,0,K*(1410),Us,\bar{K}^{*}(1410)^{-}
100325,1973,26,26,370,70,70,1/2,5,1,5,1,3,0,2,K(2)*(1980),uS,K_{2}^{*}(1980)^{+}
-100325,1973,26,26,370,70,70,1/2,5,1,5,1,-3,0,2,K(2)*(1980),Us,\bar{K}_{2}^{*}(1980)^{-}
100331,1476,4,4,85,9,9,0,1,-1,1,0,0,0,0,eta(1475),x(uU+dD)+y(sS),\eta(1475)
100333,1680,20,20,150,50,50,0,-1,-1,-1,0,0,0,0,phi(1680),x(uU+dD)+y(sS),\phi(1680)
100441,3637,4,4,14,7,7,0,1,-1,1,0,0,0,0,eta(c)(2S),cC,\eta_{c}(2S)
100443,3686.09,0.04,0.04,0.317,0.009,0.009,0,-1,-1,-1,0,0,0,0,psi(2S),cC,\psi(2S)/\psi^\prime
100445,3929,5,5,29,10,10,0,1,1,1,0,0,0,2,chi(c2)(2P),cC,\chi_{c2}(2P)
100553,10023.26,0.31,0.31,0.032,0.0026,0.0026,0,-1,-1,-1,0,0,0,0,Upsilon(2S),bB,\Upsilon(2S)/\Upsilon^\prime
100555,10268.6,0.5,0.5,-1,-1,1,0,1,1,1,0,0,0,0,chi(b2)(2P),bB,\chi_{b2}(2P)
110551,10232.5,0.6,0.6,-1,-1,1,0,1,1,1,0,0,0,0,chi(b0)(2P),bB,\chi_{b0}(2P)
120553,10255.5,0.5,0.5,-1,-1,1,0,1,1,1,0,0,0,0,chi(b1)(2P),bB,\chi_{b1}(2P)
200553,10355.2,0.5,0.5,0.0203,0.0018,0.0018,0,-1,-1,-1,0,0,0,0,Upsilon(3S),bB,\Upsilon(3S)
300553,10579.4,1.2,1.2,20.5,2.5,2.5,0,-1,-1,-1,0,0,0,0,Upsilon(4S),bB,\Upsilon(4S)
9000111,984.7,1.2,1.2,75,25,25,1,-1,1,1,2,0,0,0,a(0)(980),Maybe non-qQ,a_{0}(980)^{0}
9000113,1351,30,30,310,40,40,1,-1,-1,1,0,0,0,0,pi(1)(1400),Maybe non-qQ,\pi_{1}(1400)^{0}
9000115,2090,29,29,620,50,50,1,-1,-1,1,2,0,0,2,pi(2)(2100),(uU-dD)/sqrt(2),\pi_{2}(2100)^{0}
9000117,1982,14,14,188,24,24,1,1,-1,-1,2,0,0,2,rho(3)(1990),(uU-dD)/sqrt(2),\rho_{3}(1990)^{0}
9000211,984.7,1.2,1.2,75,25,25,1,-1,1,5,2,3,0,0,a(0)(980),Maybe non-qQ,a_{0}(980)^{+}
-9000211,984.7,1.2,1.2,75,25,25,1,-1,1,5,2,-3,0,0,a(0)(980),Maybe non-qq,a_{0}(980)^{-}
9000213,1351,30,30,310,40,40,1,-1,-1,5,0,3,0,0,pi(1)(1400),Maybe non-qQ,\pi_{1}(1400)^{+}
9000215,2090,29,29,620,50,50,1,-1,-1,5,2,3,0,2,pi(2)(2100),uD,\pi_{2}(2100)^{+}
-9000215,2090,29,29,620,50,50,1,-1,-1,5,2,-3,0,2,pi(2)(2100),Ud,\pi_{2}(2100)^{-}
9000217,1982,14,14,188,24,24,1,1,-1,5,2,3,0,2,rho(3)(1990),uD,\rho_{3}(1990)^{+}
-9000217,1982,14,14,188,24,24,1,1,-1,5,2,-3,0,2,rho(3)(1990),Ud,\rho_{3}(1990)^{-}
9000221,800,400,400,800,200,200,0,1,1,1,0,0,0,0,f(0)(600),Maybe non-qQ,f_{0}(600)
9000223,1518,5,5,73,25,25,0,1,1,1,0,0,0,2,f(1)(1510),x(uU+dD)+y(sS),f_{1}(1510)
9000225,1453,4,4,13,5,5,0,1,1,1,0,0,0,2,f(2)(1430),x(uU+dD)+y(sS),f_{2}(1430)
9000229,2231.1,3.5,3.5,23,8,7,0,1,1,1,0,0,0,2,f(J)(2220),x(uU+dD)+y(sS),f_{J}(2220)
9000311,670,40,40,550,34,34,1/2,5,1,5,1,0,0,2,K(0)*(800),dS,K_{0}^{*}(800)^{0}
-9000311,670,40,40,550,34,34,1/2,5,1,5,1,0,0,2,K(0)*(800),Ds,\bar{K}_{0}^{*}(800)^{0}
9000313,1650,50,50,150,50,50,1/2,5,1,5,1,0,0,2,K(1)(1650),dS,K_{1}(1650)^{0}
-9000313,1650,50,50,150,50,50,1/2,5,1,5,1,0,0,2,K(1)(1650),Ds,\bar{K}_{1}(1650)^{0}
9000315,1580,-1,1,110,-1,1,1/2,5,-1,5,1,0,0,2,K(2)(1580),dS,K_{2}(1580)^{0}
-9000315,1580,-1,1,110,-1,1,1/2,5,-1,5,1,0,0,2,K(2)(1580),Ds,\bar{K}_{2}(1580)^{0}
9000319,2490,20,20,250,-1,1,1/2,5,-1,5,1,0,0,2,K(4)(2500),dS,K_{4}(2500)^{0}
-9000319,2490,20,20,250,-1,1,1/2,5,-1,5,1,0,0,2,K(4)(2500),Ds,\bar{K}_{4}(2500)^{0}
9000321,670,40,40,550,34,34,1/2,5,1,5,1,3,0,2,K(0)*(800),uS,K_{0}^{*}(800)^{+}
-9000321,670,40,40,550,34,34,1/2,5,1,5,1,-3,0,2,K(0)*(800),Us,\bar{K}_{0}^{*}(800)^{-}
9000323,1650,50,50,150,50,50,1/2,5,1,5,1,3,0,2,K(1)(1650),uS,K_{1}(1650)^{+}
-9000323,1650,50,50,150,50,50,1/2,5,1,5,1,-3,0,2,K(1)(1650),Us,\bar{K}_{1}(1650)^{-}
9000325,1580,-1,1,110,-1,1,1/2,5,-1,5,1,3,0,2,K(2)(1580),uS,K_{2}(1580)^{+}
-9000325,1580,-1,1,110,-1,1,1/2,5,-1,5,1,-3,0,2,K(2)(1580),Us,\bar{K}_{2}(1580)^{-}
9000329,2490,20,20,250,-1,1,1/2,5,-1,5,1,3,0,2,K(4)(2500),uS,K_{4}(2500)^{+}
-9000329,2490,20,20,250,-1,1,1/2,5,-1,5,1,-3,0,2,K(4)(2500),Us,\bar{K}_{4}(2500)^{-}
9000443,4039,1,1,80,10,10,0,-1,-1,-1,0,0,0,0,psi(4040),cC,\psi(4040)
9000553,10865,8,8,110,13,13,0,-1,-1,-1,0,0,0,0,Upsilon(10860),bB,\Upsilon(10860)
9010111,1816,14,14,208,12,12,1,-1,-1,1,2,0,0,0,pi(1800),(uU-dD)/sqrt(2),\pi(1800)^{0}
9010113,1662,15,11,230,50,50,1,-1,-1,1,0,0,0,0,pi(1)(1600),Maybe non-qQ,\pi_{1}(1600)^{0}
9010117,2260,20,20,160,25,25,1,1,-1,-1,2,0,0,2,rho(3)(2250),(uU-dD)/sqrt(2),\rho_{3}(2250)^{0}
9010211,1816,14,14,208,12,12,1,-1,-1,5,2,3,0,0,pi(1800),uD,\pi(1800)^{+}
-9010211,1816,14,14,208,12,12,1,-1,-1,5,2,-3,0,0,pi(1800),Ud,\pi(1800)^{-}
9010213,1662,15,11,230,50,50,1,-1,-1,5,0,3,0,0,pi(1)(1600),Maybe non-qQ,\pi_{1}(1600)^{+}
9010217,2260,20,20,160,25,25,1,1,-1,5,2,3,0,2,rho(3)(2250),uD,\rho_{3}(2250)^{+}
-9010217,2260,20,20,160,25,25,1,1,-1,5,2,-3,0,2,rho(3)(2250),Ud,\rho_{3}(2250)^{-}
9010221,980,10,10,70,30,30,0,1,1,1,0,0,0,0,f(0)(980),Maybe non-qQ,f_{0}(980)
9010223,1594,18,62,380,90,120,0,-1,1,-1,0,0,0,2,h(1)(1595),x(uU+dD)+y(sS),h_{1}(1595)
9010225,1562,13,13,134,8,8,0,1,1,1,0,0,0,2,f(2)(1565),x(uU+dD)+y(sS),f_{2}(1565)
9010229,2320,60,60,250,80,80,0,1,1,1,0,0,0,2,f(4)(2300),x(uU+dD)+y(sS),f_{4}(2300)
9010311,1830,-1,1,250,-1,1,1/2,5,-1,5,1,0,0,2,K(1830),dS,K(1830)^{0}
-9010311,1830,-1,1,250,-1,1,1/2,5,-1,5,1,0,0,2,K(1830),Ds,\bar{K}(1830)^{0}
9010315,2247,17,17,180,30,30,1/2,5,-1,5,1,0,0,2,K(2)(2250),dS,K_{2}(2250)^{0}
-9010315,2247,17,17,180,30,30,1/2,5,-1,5,1,0,0,2,K(2)(2250),Ds,\bar{K}_{2}(2250)^{0}
9010317,2324,24,24,150,30,30,1/2,5,1,5,1,0,0,2,K(3)(2320),dS,K_{3}(2320)^{0}
-9010317,2324,24,24,150,30,30,1/2,5,1,5,1,0,0,2,K(3)(2320),Ds,\bar{K}_{3}(2320)^{0}
9010321,1830,-1,1,250,-1,1,1/2,5,-1,5,1,3,0,2,K(1830),uS,K(1830)^{+}
-9010321,1830,-1,1,250,-1,1,1/2,5,-1,5,1,-3,0,2,K(1830),Us,\bar{K}(1830)^{-}
9010325,2247,17,17,180,30,30,1/2,5,-1,5,1,3,0,2,K(2)(2250),uS,K_{2}(2250)^{+}
-9010325,2247,17,17,180,30,30,1/2,5,-1,5,1,-3,0,2,K(2)(2250),Us,\bar{K}_{2}(2250)^{-}
9010327,2324,24,24,150,30,30,1/2,5,1,5,1,3,0,2,K(3)(2320),uS,K_{3}(2320)^{+}
-9010327,2324,24,24,150,30,30,1/2,5,1,5,1,-3,0,2,K(3)(2320),Us,\bar{K}_{3}(2320)^{-}
9010443,4153,3,3,103,8,8,0,-1,-1,-1,0,0,0,0,psi(4160),cC,\psi(4160)
9010553,11019,8,8,79,16,16,0,-1,-1,-1,0,0,0,0,Upsilon(11020),bB,\Upsilon(11020)
9020113,1647,22,22,254,27,27,1,-1,1,1,2,0,0,2,a(1)(1640),(uU-dD)/sqrt(2),a_{1}(1640)^{0}
9020213,1647,22,22,254,27,27,1,-1,1,5,2,3,0,2,a(1)(1640),uD,a_{1}(1640)^{+}
-9020213,1647,22,22,254,27,27,1,-1,1,5,2,-3,0,2,a(1)(1640),Ud,a_{1}(1640)^{-}
9020221,1409.8,2.5,2.5,51.1,3.4,3.4,0,1,-1,1,0,0,0,0,eta(1405),x(uU+dD)+y(sS),\eta(1405)
9020225,1639,6,6,99,60,40,0,1,1,1,0,0,0,2,f(2)(1640),x(uU+dD)+y(sS),f_{2}(1640)
9020311,1945,22,22,200,90,90,1/2,5,1,5,1,0,0,2,K(0)*(1950),dS,K_{0}^{*}(1950)^{0}
-9020311,1945,22,22,200,90,90,1/2,5,1,5,1,0,0,2,K(0)*(1950),Ds,\bar{K}_{0}^{*}(1950)^{0}
9020321,1945,22,22,200,90,90,1/2,5,1,5,1,3,0,2,K(0)*(1950),uS,K_{0}^{*}(1950)^{+}
-9020321,1945,22,22,200,90,90,1/2,5,1,5,1,-3,0,2,K(0)*(1950),Us,\bar{K}_{0}^{*}(1950)^{-}
9020443,4421,4,4,62,20,20,0,-1,-1,-1,0,0,0,0,psi(4415),cC,\psi(4415)
9030113,1909,30,30,48,17,17,1,1,-1,-1,2,0,0,2,rho(1900),(uU-dD)/sqrt(2),\rho(1900)^{0}
9030213,1909,30,30,48,17,17,1,1,-1,5,2,3,0,2,rho(1900),uD,\rho(1900)^{+}
-9030213,1909,30,30,48,17,17,1,1,-1,5,2,-3,0,2,rho(1900),Ud,\rho(1900)^{-}
9030221,1505,6,6,109,7,7,0,1,1,1,0,0,0,0,f(0)(1500),Maybe non-qQ,f_{0}(1500)
9030225,1815,12,12,197,22,22,0,1,1,1,0,0,0,2,f(2)(1810),x(uU+dD)+y(sS),f_{2}(1810)
9040113,2149,17,17,360,40,40,1,1,-1,-1,2,0,0,2,rho(2150),(uU-dD)/sqrt(2),\rho(2150)^{0}
9040213,2149,17,17,360,40,40,1,1,-1,5,2,3,0,2,rho(2150),uD,\rho(2150)^{+}
-9040213,2149,17,17,360,40,40,1,1,-1,5,2,-3,0,2,rho(2150),Ud,\rho(2150)^{-}
9040221,1756,9,9,96,70,70,0,1,-1,1,0,0,0,2,eta(1760),x(uU+dD)+y(sS),\eta(1760)
9040225,1903,9,9,196,31,31,0,1,1,1,0,0,0,2,f(2)(1910),x(uU+dD)+y(sS),f_{2}(1910)
9050221,1992,16,16,440,60,60,0,1,1,1,0,0,0,2,f(0)(2020),x(uU+dD)+y(sS),f_{0}(2020)
9050225,1944,12,12,472,18,18,0,1,1,1,0,0,0,0,f(2)(1950),x(uU+dD)+y(sS),f_{2}(1950)
9060221,2103,8,8,209,19,19,0,1,1,1,0,0,0,2,f(0)(2100),x(uU+dD)+y(sS),f_{0}(2100)
9060225,2010,60,80,200,60,60,0,1,1,1,0,0,0,0,f(2)(2010),x(uU+dD)+y(sS),f_{2}(2010)
9070221,2189,13,13,240,50,50,0,1,1,1,0,0,0,2,f(0)(2200),x(uU+dD)+y(sS),f_{0}(2200)
9070225,2156,11,11,167,30,30,0,1,1,1,0,0,0,2,f(2)(2150),x(uU+dD)+y(sS),f_{2}(2150)
9080221,2220,18,18,150,310,80,0,1,-1,1,0,0,0,2,eta(2225),x(uU+dD)+y(sS),\eta(2225)
9080225,2297,28,28,150,40,40,0,1,1,1,0,0,0,0,f(2)(2300),x(uU+dD)+y(sS),f_{2}(2300)
9090221,2314,25,25,144,20,20,0,1,1,1,0,0,0,2,f(0)(2330),x(uU+dD)+y(sS),f_{0}(2330)
9090225,2340,60,60,320,80,70,0,1,1,1,0,0,0,0,f(2)(2340),x(uU+dD)+y(sS),f_{2}(2340)
